Ár;Leikmaður;Lið;Leikir;Í byrjunarliði;Mínútur;Mörk;Stoðsendingar;Sofascore-einkunn;Heppnuð knattrök;Tæklingar;Heppnaðar sendingar (%);Stór færi misnotuð;Skot alls;Nýting skota (%);Sendingar stöðvaðar;Hreinsanir;Mistök sem leiddu til marks;Skot blokkuð;Stór færi sköpuð;Heppnaðar sendingar;Lykilsendingar;Varin skot;Hrein lök;Víti varin;Varið innan teigs;Úthlaup;Gul spjöld;Rauð spjöld;Sofascore ID;Leikmannssíða
2025;Abdourahmane Diagne;IF Vestri;2;0;36;0;0;6.5;0;1;90.91;0;1;0;0;1;0;0;0;10;0;;;;;;0;0;2179896;https://www.sofascore.com/football/player/abdourahmane-diagne/2179896
2025;Adam Pálsson;Valur Reykjavík;24;7;824;1;2;6.87;9;14;70.83;3;23;4.35;8;9;0;0;6;238;23;;;;;;2;0;1028880;https://www.sofascore.com/football/player/adam-palsson/1028880
2025;Adam Örn Arnarson;Fram Reykjavík;2;0;65;0;0;6.7;1;0;84.62;0;0;0;0;3;0;1;0;22;1;;;;;;0;0;187009;https://www.sofascore.com/football/player/adam-orn-arnarson/187009
2025;Adolf Daði Birgisson;Stjarnan Garðabær;17;3;339;1;0;6.65;3;15;66.36;1;3;33.33;0;6;0;1;1;73;3;;;;;;3;0;1067823;https://www.sofascore.com/football/player/adolf-dadi-birgisson/1067823
2025;Ahmad Faqa;FH Hafnarfjörður;26;22;2003;0;0;6.9;6;30;84.36;3;11;0;30;172;0;14;0;696;2;;;;;;5;0;1150159;https://www.sofascore.com/football/player/ahmad-faqa/1150159
2025;Albert Hafsteinsson;ÍA Akranes;17;4;421;0;1;6.58;1;9;79.53;0;1;0;4;6;0;0;1;136;9;;;;;;0;0;797515;https://www.sofascore.com/football/player/albert-hafsteinsson/797515
2025;Albin Skoglund;Valur Reykjavík;20;14;1118;2;2;6.93;18;42;69.83;4;30;6.67;6;15;0;4;4;206;16;;;;;;2;0;363916;https://www.sofascore.com/football/player/albin-skoglund/363916
2025;Alex Freyr Elísson;Fram Reykjavík;8;0;169;0;0;6.39;2;4;67.44;0;3;0;2;8;0;1;0;29;0;;;;;;2;0;862347;https://www.sofascore.com/football/player/alex-freyr-elisson/862347
2025;Alex Freyr Hilmarsson;ÍBV Vestmannaeyjar;24;23;1932;5;2;7.13;9;54;74.64;4;39;12.82;34;39;0;6;4;409;28;;;;;;3;0;839975;https://www.sofascore.com/football/player/alex-freyr-hilmarsson/839975
2025;Alex Þór Hauksson;Stjarnan Garðabær;23;13;1055;1;2;6.94;2;40;80.5;2;14;7.14;26;21;0;2;4;388;16;;;;;;5;1;972787;https://www.sofascore.com/football/player/alex-thor-hauksson/972787
2025;Alexander Helgi Sigurðarson;KR Reykjavík;17;12;984;0;1;6.64;3;31;86.26;1;6;0;13;23;0;4;0;521;5;;;;;;7;0;246515;https://www.sofascore.com/football/player/alexander-helgi-sigurdarson/246515
2025;Alexander Rafn Pálmason;KR Reykjavík;6;3;223;1;0;6.7;1;3;79.31;1;3;33.33;2;1;0;0;1;46;5;;;;;;0;0;1894521;https://www.sofascore.com/football/player/alexander-rafn-palmason/1894521
2025;Ali Al Mosawe;Víkingur Reykjavík;9;2;245;0;0;6.62;14;5;74.16;0;5;0;4;2;0;0;0;66;1;;;;;;0;0;1103573;https://www.sofascore.com/football/player/ali-almosawe/1103573
2025;Alpha Bedor Conteh;Stjarnan Garðabær;7;2;147;0;1;6.85;8;1;73.68;0;0;0;1;1;0;0;1;28;6;;;;;;0;0;1000421;https://www.sofascore.com/football/player/alpha-bedor-conteh/1000421
2025;Amin Cosic;KR Reykjavík;11;9;738;1;1;6.92;18;13;76.84;0;15;6.67;1;7;0;0;1;219;18;;;;;;3;0;1858049;https://www.sofascore.com/football/player/amin-cosic/1858049
2025;Andi Hoti;Valur Reykjavík;10;2;298;0;0;6.38;1;2;82.26;0;3;0;2;13;1;1;1;102;3;;;;;;2;0;1029060;https://www.sofascore.com/football/player/andi-hoti/1029060
2025;Andri Adolphsson;Stjarnan Garðabær;3;0;81;0;0;6.73;4;1;91.3;0;2;0;2;1;0;0;1;42;3;;;;;;0;0;803019;https://www.sofascore.com/football/player/andri-adolphsson/803019
2025;Andri Fannar Stefansson;KA Akureyri;3;1;88;1;1;7;0;2;78.95;0;1;100;2;3;0;0;1;30;2;;;;;;0;0;66735;https://www.sofascore.com/football/player/andri-fannar-stefansson/66735
2025;Andri Freyr Jónasson;UMF Afturelding;8;1;162;0;0;6.61;4;1;68.18;0;3;0;0;3;0;2;0;30;2;;;;;;1;0;1029014;https://www.sofascore.com/football/player/andri-freyr-jonasson/1029014
2025;Andri Rúnar Bjarnason;Stjarnan Garðabær;27;19;1591;12;2;7.09;11;5;65.79;5;52;23.08;1;30;0;1;3;150;12;;;;;;2;0;795831;https://www.sofascore.com/football/player/andri-runar-bjarnason/795831
2025;Andri Yeoman;Breidablik Kópavogur;12;10;800;1;0;6.88;3;16;81.9;0;5;20;5;30;0;1;0;258;8;;;;;;1;0;67227;https://www.sofascore.com/football/player/andri-yeoman/67227
2025;Anton Ari Einarsson;Breidablik Kópavogur;27;27;2430;0;0;6.95;1;0;75.49;0;0;0;0;22;0;0;0;764;0;91;5;0;56;11;1;0;797032;https://www.sofascore.com/football/player/anton-ari-einarsson/797032
2025;Anton Kralj;IF Vestri;24;24;1962;1;0;6.72;8;40;80.08;0;6;16.67;44;76;2;1;2;599;14;;;;;;3;0;604932;https://www.sofascore.com/football/player/anton-kralj/604932
2025;Anton Logi Lúðvíksson;Breidablik Kópavogur;18;16;1436;1;5;7.17;16;28;84.38;0;10;10;12;28;0;7;4;740;18;;;;;;5;0;1035622;https://www.sofascore.com/football/player/anton-logi-ludviksson/1035622
2025;Arnar Breki Gunnarsson;ÍBV Vestmannaeyjar;21;9;878;0;2;6.66;13;16;70.82;1;9;0;4;16;0;1;1;182;14;;;;;;2;0;1104794;https://www.sofascore.com/football/player/arnar-breki-gunnarsson/1104794
2025;Arnar Daði Jóhannesson;UMF Afturelding;1;0;45;0;0;6.5;1;0;88.24;0;0;0;0;0;0;0;0;15;0;1;0;0;1;0;0;0;1126622;https://www.sofascore.com/football/player/arnar-dadi-johannesson/1126622
2025;Arnar Daníel Aðalsteinsson;Fram Reykjavík;1;0;1;0;0;0;0;0;0;0;0;0;0;0;0;0;0;0;0;;;;;;0;0;1172734;https://www.sofascore.com/football/player/arnar-daniel-adalsteinsson/1172734
2025;Arnar Freyr Ólafsson;KR Reykjavík;2;2;180;0;0;6.1;0;0;65.93;0;0;0;0;3;0;0;0;60;0;6;0;0;2;2;0;0;796717;https://www.sofascore.com/football/player/arnar-freyr-olafsson/796717
2025;Arngrimur Bjartur Guðmundsson;FH Hafnarfjörður;12;3;397;0;0;6.63;4;8;76.86;0;0;0;8;24;1;3;0;93;4;;;;;;2;0;1142126;https://www.sofascore.com/football/player/arngrimur-bjartur-gudmundsson/1142126
2025;Arnor Gudjohnsen;IF Vestri;6;0;137;1;0;6.97;8;2;73.17;1;6;16.67;3;5;0;0;1;30;4;;;;;;0;0;1010019;https://www.sofascore.com/football/player/arnor-gudjohnsen/1010019
2025;Arnor Ingi Kristinsson;ÍBV Vestmannaeyjar;25;25;2140;0;1;6.95;11;39;76.14;3;17;0;29;118;0;9;1;584;14;;;;;;6;0;943150;https://www.sofascore.com/football/player/kristinsson-arnor-ingi/943150
2025;Arnór Gauti Jónsson;Breidablik Kópavogur;23;15;1463;1;1;6.76;3;25;84.32;2;20;5;20;60;1;3;0;801;9;;;;;;5;1;1029004;https://www.sofascore.com/football/player/arnor-gauti-jonsson/1029004
2025;Arnór Gauti Ragnarsson;UMF Afturelding;17;5;451;0;1;6.69;7;1;73.63;1;9;0;0;8;0;1;2;67;12;;;;;;2;0;803816;https://www.sofascore.com/football/player/arnor-gauti-ragnarsson/803816
2025;Arnór Valur Ágústsson;ÍA Akranes;8;4;435;0;0;6.59;1;8;68.66;0;1;0;3;31;0;0;0;92;2;;;;;;0;0;1491214;https://www.sofascore.com/football/player/arnor-valur-agustsson/1491214
2025;Aron Bjarnason;Breidablik Kópavogur;17;9;781;2;2;7.02;15;18;76.54;4;18;11.11;2;5;0;1;4;248;23;;;;;;2;0;239060;https://www.sofascore.com/football/player/aron-bjarnason/239060
2025;Aron Elí Sævarsson;UMF Afturelding;27;27;2430;2;2;7.06;18;43;83.85;0;16;12.5;34;95;0;8;2;1303;44;;;;;;2;0;858289;https://www.sofascore.com/football/player/aron-eli-saevarsson/858289
2025;Aron Elís Þrándarson;Víkingur Reykjavík;2;1;48;0;0;6.9;1;0;76.47;0;1;0;0;1;0;1;1;13;2;;;;;;0;0;135629;https://www.sofascore.com/football/player/aron-elis-randarson/135629
2025;Aron Johannsson;UMF Afturelding;24;21;1860;6;1;7.08;10;17;81.45;3;50;12;6;19;0;3;3;628;33;;;;;;7;0;862547;https://www.sofascore.com/football/player/aron-johannsson/862547
2025;Aron Jonsson;UMF Afturelding;17;14;1273;0;0;6.71;2;14;92.33;0;0;0;11;75;1;15;0;710;2;;;;;;1;0;1150103;https://www.sofascore.com/football/player/aron-jonsson/1150103
2025;Aron Jóhansson;Valur Reykjavík;15;10;901;3;0;7.09;6;22;80.93;1;25;12;14;14;0;2;2;488;11;;;;;;4;0;64385;https://www.sofascore.com/football/player/aron-johansson/64385
2025;Aron Sigurðarson;KR Reykjavík;21;21;1857;14;6;7.85;36;23;75.24;9;113;12.39;4;13;0;0;12;693;48;;;;;;3;1;796270;https://www.sofascore.com/football/player/aron-sigurdarson/796270
2025;Aron Þórður Albertsson;KR Reykjavík;22;18;1650;1;0;6.85;14;44;86.67;0;13;7.69;20;24;0;4;1;1248;11;;;;;;10;0;332109;https://www.sofascore.com/football/player/aron-thordur-albertsson/332109
2025;Atli Hrafn Andrason;KR Reykjavík;8;0;149;1;0;6.64;1;1;65.52;1;4;25;1;0;0;0;1;19;3;;;;;;2;0;797560;https://www.sofascore.com/football/player/atli-hrafn-andrason/797560
2025;Atli Sigurjónsson;KR Reykjavík;17;8;893;0;4;6.83;8;3;73.99;1;21;0;2;10;0;1;7;202;22;;;;;;3;0;66622;https://www.sofascore.com/football/player/atli-sigurjonsson/66622
2025;Atli Thor Jonasson;Víkingur Reykjavík;11;2;294;1;0;6.74;2;4;64.2;3;9;11.11;0;8;0;0;2;52;5;;;;;;1;0;1470921;https://www.sofascore.com/football/player/jonasson-atli-thor/1470921
2025;Axel Óskar Andrésson;UMF Afturelding;24;24;2109;0;0;6.97;2;24;85.41;1;24;0;14;152;0;24;0;1036;4;;;;;;7;1;878227;https://www.sofascore.com/football/player/axel-oskar-andresson/878227
2025;Ágúst Hlynsson;IF Vestri;12;12;1016;4;1;6.92;7;17;76.84;1;20;20;0;5;0;0;2;209;10;;;;;;1;0;842539;https://www.sofascore.com/football/player/agust-hlynsson/842539
2025;Ágúst Orri Thorsteinsson;Breidablik Kópavogur;26;18;1772;1;1;6.92;33;29;83.2;3;29;3.45;5;5;0;2;1;525;30;;;;;;2;0;2203670;https://www.sofascore.com/football/player/agust-orri-porsteinsson/2203670
2025;Árni Marinó Einarsson;ÍA Akranes;27;27;2430;0;0;7.08;3;2;68.42;0;0;0;1;42;1;0;0;637;0;101;8;2;66;32;1;0;1121582;https://www.sofascore.com/football/player/arni-marino-einarsson/1121582
2025;Árni Snær Ólafsson;Stjarnan Garðabær;27;27;2430;0;0;7.27;2;1;73.87;0;0;0;2;28;1;0;1;817;2;117;3;1;79;14;1;0;841402;https://www.sofascore.com/football/player/arni-snaer-olafsson/841402
2025;Árni Veigar Árnason;KA Akureyri;2;1;95;0;0;6.3;0;;64.29;;1;0;;0;;;;9;0;;;;;;1;0;2050328;https://www.sofascore.com/football/player/arni-veigar-arnason/2050328
2025;Ásgeir Orrason;Breidablik Kópavogur;17;12;1126;2;1;6.93;2;21;86.55;1;11;18.18;12;67;0;14;0;637;3;;;;;;5;0;1500650;https://www.sofascore.com/football/player/asgeir-orrason/1500650
2025;Ásgeir Sigurgeirsson;KA Akureyri;26;20;1578;5;7;6.81;2;10;69.03;9;44;11.36;1;8;0;1;3;156;20;;;;;;3;0;280683;https://www.sofascore.com/football/player/asgeir-sigurgeirsson/280683
2025;Ástbjörn Þórðarson;KR Reykjavík;23;12;1282;2;0;6.71;10;44;81.49;0;16;12.5;14;45;0;4;1;383;8;;;;;;6;0;842994;https://www.sofascore.com/football/player/astbjorn-thordarson/842994
2025;Baldur Kari Helgason;FH Hafnarfjörður;25;24;1986;1;3;6.88;21;51;82.86;0;18;5.56;34;29;0;5;0;585;15;;;;;;5;0;1142127;https://www.sofascore.com/football/player/baldur-kari-helgason/1142127
2025;Baldur Logi Guðlaugsson;Stjarnan Garðabær;17;5;563;0;0;6.58;2;12;81.67;1;8;0;6;8;1;5;2;147;4;;;;;;3;0;898703;https://www.sofascore.com/football/player/baldur-logi-gudlaugsson/898703
2025;Baldvin Thór Berndsen;ÍA Akranes;19;14;1339;2;0;6.89;3;24;77.31;0;11;18.18;21;102;0;15;0;620;3;;;;;;2;1;1391512;https://www.sofascore.com/football/player/baldvin-thor-berndsen/1391512
2025;Barkarson Bjartur Bjarmi;UMF Afturelding;26;26;2260;0;1;6.77;28;65;81.86;0;14;0;16;34;0;9;1;925;15;;;;;;6;0;903073;https://www.sofascore.com/football/player/barkarson-bjartur-bjarmi/903073
2025;Baxter Thorisson;ÍBV Vestmannaeyjar;11;11;853;0;0;6.72;16;0;82.9;0;15;0;7;7;0;2;0;223;7;;;;;;2;0;1547463;https://www.sofascore.com/football/player/baxter-thorisson/1547463
2025;Benedikt Warén;Stjarnan Garðabær;26;25;2226;6;6;7.24;34;22;74.88;5;52;11.54;11;16;0;1;10;471;52;;;;;;6;0;1025992;https://www.sofascore.com/football/player/benedikt-waren/1025992
2025;Benjamin Stokke;UMF Afturelding;22;21;1844;6;4;7.04;5;3;73.74;3;31;19.35;4;46;0;6;4;323;19;;;;;;0;0;121148;https://www.sofascore.com/football/player/benjamin-stokke/121148
2025;Birgir Baldvinsson;KA Akureyri;20;18;1369;2;1;7.09;12;40;74.56;4;19;10.53;22;48;0;1;3;337;23;;;;;;10;0;957136;https://www.sofascore.com/football/player/birgir-baldvinsson/957136
2025;Birgir Ómar Hlnysson;ÍBV Vestmannaeyjar;21;4;566;0;1;6.67;5;20;74.55;0;0;0;6;31;0;0;1;164;4;;;;;;2;0;1028995;https://www.sofascore.com/football/player/birgir-omar-hlnysson/1028995
2025;Birgir Steinn Styrmisson;KR Reykjavík;1;1;15;0;0;6.2;0;0;100;0;0;0;0;0;0;0;0;10;0;;;;;;0;0;1033119;https://www.sofascore.com/football/player/birgir-steinn-styrmisson/1033119
2025;Birkir Eydal;IF Vestri;5;0;101;1;0;6.78;1;3;70.37;0;1;100;2;3;0;0;1;19;2;;;;;;1;0;2179895;https://www.sofascore.com/football/player/birkir-eydal/2179895
2025;Birkir Heimisson;Valur Reykjavík;16;14;1212;1;6;7.29;0;22;85.15;1;10;10;10;41;0;4;6;648;30;;;;;;3;0;862658;https://www.sofascore.com/football/player/birkir-heimisson/862658
2025;Birkir Jakob Jónsson;Valur Reykjavík;7;0;67;0;0;6.54;0;0;66.67;0;1;0;0;0;0;0;0;6;1;;;;;;0;0;1102830;https://www.sofascore.com/football/player/birkir-jakob-jonsson/1102830
2025;Birkir Thorsteinsson;Breidablik Kópavogur;1;0;1;0;0;0;0;0;0;0;0;0;0;0;0;0;0;0;0;;;;;;0;0;2325144;https://www.sofascore.com/football/player/birkir-thorsteinsson/2325144
2025;Birkir Valur Jónsson;FH Hafnarfjörður;26;25;2176;0;2;7.01;5;48;76.43;0;2;0;42;122;0;11;7;480;23;;;;;;3;0;862426;https://www.sofascore.com/football/player/birkir-valur-jonsson/862426
2025;Birnir Breki Burknason;ÍA Akranes;4;1;171;0;0;6.75;1;5;71.43;1;1;0;1;2;0;1;0;15;1;;;;;;0;0;1485616;https://www.sofascore.com/football/player/birnir-breki-burknason/1485616
2025;Birnir Snaer Ingason;KA Akureyri;12;11;953;5;0;7.27;24;9;79.39;4;36;13.89;3;13;0;1;2;262;15;;;;;;1;0;876891;https://www.sofascore.com/football/player/birnir-snaer-ingason/876891
2025;Bjarki Björn Gunnarsson;ÍBV Vestmannaeyjar;18;10;928;2;3;6.93;10;15;71.27;1;20;10;13;8;0;0;2;196;19;;;;;;3;0;1102825;https://www.sofascore.com/football/player/bjarki-bjorn-gunnarsson/1102825
2025;Bjarki Hauksson;Stjarnan Garðabær;1;1;65;0;0;6.9;0;4;68.75;0;0;0;0;4;0;0;0;11;0;;;;;;0;0;1427302;https://www.sofascore.com/football/player/bjarki-hauksson/1427302
2025;Bjarni Aðalsteinsson;KA Akureyri;26;20;1894;2;4;6.79;11;24;72.45;2;34;5.88;12;28;0;2;2;405;23;;;;;;6;0;879495;https://www.sofascore.com/football/player/bjarni-adalsteinsson/879495
2025;Bjarni Antonsson Duffield;Valur Reykjavík;23;18;1597;1;1;6.97;3;41;84.64;2;15;6.67;22;81;0;10;1;887;6;;;;;;2;1;865024;https://www.sofascore.com/football/player/bjarni-antonsson-duffield/865024
2025;Bjarni Gudjon Brynjolfsson;FH Hafnarfjörður;13;5;509;1;1;6.72;7;6;75.23;1;12;8.33;6;7;0;1;0;82;5;;;;;;2;0;1068754;https://www.sofascore.com/football/player/bjarni-gudjon-brynjolfsson/1068754
2025;Bjarni Páll Linnet Runólfsson;UMF Afturelding;16;4;434;0;0;6.61;3;14;77.46;0;3;0;5;12;0;2;0;110;7;;;;;;1;0;849176;https://www.sofascore.com/football/player/bjarni-pall-linnet-runolfsson/849176
2025;Björn Daníel Sverrisson;FH Hafnarfjörður;26;21;1748;8;2;7.12;8;22;75.04;3;44;18.18;11;25;0;2;2;421;31;;;;;;2;1;55187;https://www.sofascore.com/football/player/bjorn-daniel-sverrisson/55187
2025;Bragi Karl Bjarkason;FH Hafnarfjörður;18;2;351;2;0;6.59;4;3;53.7;1;9;22.22;1;5;0;1;1;29;4;;;;;;2;0;1142813;https://www.sofascore.com/football/player/bragi-karl-bjarkason/1142813
2025;Breki Baxter;ÍBV Vestmannaeyjar;23;18;1608;1;2;6.91;19;39;79.72;1;31;3.23;10;24;0;5;2;452;18;;;;;;5;0;1591136;https://www.sofascore.com/football/player/breki-baxter/1591136
2025;Böðvar Böðvarsson;FH Hafnarfjörður;26;26;2293;2;5;7.02;8;43;77.35;0;10;20;19;103;2;8;7;560;42;;;;;;5;0;329723;https://www.sofascore.com/football/player/bodvar-bodvarsson/329723
2025;Dadi Jónsson;IF Vestri;11;11;941;5;2;7.37;21;20;71.2;2;21;23.81;5;20;0;5;3;178;14;;;;;;1;0;1511022;https://www.sofascore.com/football/player/dadi-jonsson/1511022
2025;Daði Freyr Arnarsson;FH Hafnarfjörður;1;1;90;0;0;6.3;0;0;52.78;0;0;0;0;0;0;0;0;19;0;2;0;0;1;0;0;0;858343;https://www.sofascore.com/football/player/dadi-freyr-arnarsson/858343
2025;Dagbjartur Búi Davídsson;KA Akureyri;1;1;9;0;0;6.6;0;0;0;0;0;0;0;0;0;0;0;0;0;;;;;;0;0;1858245;https://www.sofascore.com/football/player/dagbjartur-bui-davidsson/1858245
2025;Dagur Ingi Valsson;KA Akureyri;20;4;562;1;2;6.71;8;7;76.22;2;8;12.5;6;6;0;2;2;125;8;;;;;;2;0;1028879;https://www.sofascore.com/football/player/dagur-ingi-valsson/1028879
2025;Dagur Traustason;FH Hafnarfjörður;8;1;181;2;0;6.79;1;2;68.97;2;5;40;1;1;0;0;1;20;3;;;;;;0;0;1210917;https://www.sofascore.com/football/player/dagur-traustason/1210917
2025;Dagur Örn Fjeldsted;FH Hafnarfjörður;18;10;881;0;2;6.66;10;10;71.84;0;22;0;3;19;0;0;4;125;11;;;;;;2;0;1491216;https://www.sofascore.com/football/player/dagur-orn-fjeldsted/1491216
2025;Damil Dankerlui;Stjarnan Garðabær;7;5;497;0;0;6.64;2;7;73.1;0;9;0;4;10;0;4;1;125;9;;;;;;0;0;352552;https://www.sofascore.com/football/player/damil-dankerlui/352552
2025;Damir Muminović;Breidablik Kópavogur;13;13;1130;1;3;7.31;1;15;76.8;1;14;7.14;15;83;2;23;2;513;8;;;;;;2;0;73624;https://www.sofascore.com/football/player/damir-muminovic/73624
2025;Daniel Hafsteinsson;Víkingur Reykjavík;26;22;1887;5;6;7.26;7;48;88.74;3;34;14.71;24;27;0;6;3;993;25;;;;;;5;0;879176;https://www.sofascore.com/football/player/daniel-hafsteinsson/879176
2025;Daniel Obbekjær;Breidablik Kópavogur;4;0;32;0;0;6.53;0;0;86.67;0;1;0;0;4;0;0;0;13;0;;;;;;0;0;963053;https://www.sofascore.com/football/player/daniel-obbekjaer/963053
2025;Daníel Finns Matthíasson;Stjarnan Garðabær;11;6;539;0;1;6.76;5;14;78.62;0;7;0;4;13;0;1;2;125;9;;;;;;3;0;863597;https://www.sofascore.com/football/player/daniel-finns-matthiasson/863597
2025;Davíð Ingvarsson;Breidablik Kópavogur;8;6;473;2;1;6.8;6;6;81.13;0;12;16.67;2;4;0;0;0;129;5;;;;;;0;0;879184;https://www.sofascore.com/football/player/david-ingvarsson/879184
2025;Davíð Örn Atlason;Víkingur Reykjavík;19;10;1013;1;0;6.89;8;27;81.99;1;7;14.29;16;30;0;5;2;478;12;;;;;;3;0;794815;https://www.sofascore.com/football/player/david-orn-atlason/794815
2025;Diego Montiel;IF Vestri;27;25;2035;5;5;6.88;38;22;76.11;0;28;17.86;11;13;1;1;7;653;31;;;;;;2;0;571934;https://www.sofascore.com/football/player/diego-montiel/571934
2025;Eidur Gauti Saebjornsson;KR Reykjavík;23;23;2037;14;1;7.2;4;14;64.89;14;53;26.42;2;18;0;3;4;231;25;;;;;;2;0;862445;https://www.sofascore.com/football/player/eidur-gauti-saebjornsson/862445
2025;Eiður Aron Sigurbjörnsson;IF Vestri;25;23;2072;0;0;7.04;3;19;85.44;0;5;0;28;215;1;22;0;933;3;;;;;;6;0;64424;https://www.sofascore.com/football/player/eidur-aron-sigurbjornsson/64424
2025;Eiður Jack Erlingsson;ÍBV Vestmannaeyjar;1;0;18;0;0;6.6;0;0;50;0;0;0;1;1;0;1;0;4;0;;;;;;1;0;1512530;https://www.sofascore.com/football/player/eidur-jack-erlingsson/1512530
2025;Einar Karl Ingvarsson;FH Hafnarfjörður;25;3;597;0;1;6.55;1;4;77.06;0;8;0;8;18;0;2;0;215;6;;;;;;2;0;116446;https://www.sofascore.com/football/player/einar-karl-ingvarsson/116446
2025;Elmar Atli Gardarsson;IF Vestri;10;5;539;0;0;6.63;0;12;75.88;0;3;0;6;19;0;5;0;129;2;;;;;;2;0;1029078;https://www.sofascore.com/football/player/elmar-atli-gardarsson/1029078
2025;Elmar Kári Enesson Cogic;UMF Afturelding;22;20;1669;4;2;6.93;49;16;74.95;4;45;8.89;7;16;0;3;3;389;34;;;;;;5;0;1034295;https://www.sofascore.com/football/player/elmar-kari-enesson-cogic/1034295
2025;Elvis Bwomono;ÍBV Vestmannaeyjar;10;7;623;1;0;6.8;8;11;62.09;0;5;20;9;15;0;1;2;131;8;;;;;;2;0;892082;https://www.sofascore.com/football/player/elvis-bwomono/892082
2025;Emil Atlason;Stjarnan Garðabær;12;10;919;4;1;6.73;9;5;74.75;9;33;12.12;3;18;0;1;1;151;9;;;;;;5;0;234572;https://www.sofascore.com/football/player/emil-atlason/234572
2025;Emil Gautason;ÍBV Vestmannaeyjar;1;0;1;0;0;0;0;0;0;0;0;0;0;0;0;0;0;0;0;;;;;;0;0;2194642;https://www.sofascore.com/football/player/emil-gautason/2194642
2025;Emil Leó Jónþórsson;IF Vestri;1;0;1;0;0;0;0;0;0;0;0;0;0;0;0;0;0;0;0;;;;;;0;0;2138511;https://www.sofascore.com/football/player/emil-leo-jonthorsson/2138511
2025;Emmanuel Agyeman Duah;IF Vestri;20;2;475;0;0;6.49;5;8;68.52;3;11;0;2;7;0;0;1;74;5;;;;;;2;0;1103546;https://www.sofascore.com/football/player/emmanuel-agyeman-duah/1103546
2025;Enes Þór Enesson Cogic;UMF Afturelding;11;1;261;0;0;6.58;3;10;76.74;0;6;0;5;4;0;0;0;66;1;;;;;;2;0;1214897;https://www.sofascore.com/football/player/enes-thor-enesson-cogic/1214897
2025;Erik Tobias Sandberg;ÍA Akranes;18;18;1593;1;0;7.06;3;26;84.56;2;15;6.67;36;128;0;22;0;657;4;;;;;;5;0;859036;https://www.sofascore.com/football/player/erik-tobias-sandberg/859036
2025;Erlingur Agnarsson;Víkingur Reykjavík;23;15;1303;2;0;6.64;7;11;77.35;7;19;10.53;3;20;0;3;0;280;8;;;;;;1;0;858263;https://www.sofascore.com/football/player/erlingur-agnarsson/858263
2025;Fatai Gbadamosi;IF Vestri;21;21;1835;0;1;6.92;20;60;84.74;1;10;0;28;49;0;9;2;583;10;;;;;;8;0;1125888;https://www.sofascore.com/football/player/fatai-gbadamosi/1125888
2025;Felix Örn Friðriksson;ÍBV Vestmannaeyjar;17;16;1360;0;0;6.83;11;26;71.88;0;9;0;8;69;1;7;2;455;17;;;;;;3;0;845710;https://www.sofascore.com/football/player/felix-orn-fridriksson/845710
2025;Finnur Tómas Pálmason;KR Reykjavík;23;23;2020;1;2;7.12;3;25;88.71;0;8;12.5;46;181;2;16;0;1446;8;;;;;;5;1;945079;https://www.sofascore.com/football/player/finnur-tomas-palmason/945079
2025;Fred Saraiva;Fram Reykjavík;22;21;1879;3;3;7.27;22;51;77.33;0;42;7.14;26;31;0;2;7;522;33;;;;;;3;0;1033046;https://www.sofascore.com/football/player/fred-saraiva/1033046
2025;Frederik Schram;Valur Reykjavík;13;13;1170;0;1;7.06;0;0;60.04;0;0;0;0;14;0;0;3;275;5;39;3;1;23;6;1;0;286931;https://www.sofascore.com/football/player/frederik-schram/286931
2025;Freyr Sigurdsson;Fram Reykjavík;19;15;1355;1;3;6.74;22;41;78.28;5;26;3.85;7;13;0;2;3;292;14;;;;;;0;0;1640252;https://www.sofascore.com/football/player/freyr-sigurdsson/1640252
2025;Gabriel Hrannar Eyjólfsson;KR Reykjavík;25;25;2238;1;4;6.9;14;21;82.29;0;31;3.23;37;49;0;4;7;985;27;;;;;;4;0;1026010;https://www.sofascore.com/football/player/gabriel-hrannar-eyjolfsson/1026010
2025;Gabriel Snaer;Breidablik Kópavogur;12;4;418;0;0;6.67;1;16;79.89;0;4;0;4;10;0;1;2;151;4;;;;;;0;0;1524000;https://www.sofascore.com/football/player/gabriel-snaer/1524000
2025;Gabríel Snær Gunnarsson;ÍA Akranes;10;5;416;1;1;6.7;1;6;65.63;1;8;12.5;1;4;0;0;0;42;4;;;;;;0;0;1860109;https://www.sofascore.com/football/player/gabriel-snaer-gunnarsson/1860109
2025;Galdur Guðmundsson;KR Reykjavík;5;4;301;1;1;7.26;14;5;74.12;0;5;20;1;5;0;0;0;63;6;;;;;;0;0;1138017;https://www.sofascore.com/football/player/galdur-gudmundsson/1138017
2025;Georg Bjarnason;UMF Afturelding;21;19;1723;1;5;7.02;7;44;81.63;2;22;4.55;10;61;0;12;2;720;25;;;;;;1;1;878974;https://www.sofascore.com/football/player/georg-bjarnason/878974
2025;Gils Gíslason;FH Hafnarfjörður;1;1;13;0;0;6.6;2;0;100;0;0;0;0;0;0;0;0;2;1;;;;;;0;0;1893125;https://www.sofascore.com/football/player/gils-gislason/1893125
2025;Gísli Laxdal Unnarsson;ÍA Akranes;26;16;1432;6;0;6.78;5;17;67.11;4;30;20;5;27;0;3;3;151;12;;;;;;5;0;999125;https://www.sofascore.com/football/player/gisli-laxdal-unnarsson/999125
2025;Gretar Snaer Gunnarsson;FH Hafnarfjörður;24;17;1427;0;0;6.55;3;20;78.7;0;6;0;23;67;0;8;0;425;3;;;;;;8;0;858342;https://www.sofascore.com/football/player/gretar-snaer-gunnarsson/858342
2025;Gudfinnur Thor Leosson;ÍA Akranes;9;1;192;0;0;6.53;1;6;71.43;0;0;0;3;12;0;2;0;45;2;;;;;;0;0;896556;https://www.sofascore.com/football/player/gudfinnur-thor-leosson/896556
2025;Gudjón Ernir Hrafnkelsson;KA Akureyri;25;19;1707;1;0;6.79;15;23;80.03;2;15;6.67;15;59;0;7;4;489;24;;;;;;2;0;1028687;https://www.sofascore.com/football/player/gudjon-ernir-hrafnkelsson/1028687
2025;Gudmundur Andri Tryggvason;KR Reykjavík;17;9;872;3;0;6.94;9;19;74.91;0;19;15.79;8;4;0;2;1;203;13;;;;;;5;0;797559;https://www.sofascore.com/football/player/gudmundur-andri-tryggvason/797559
2025;Gudmundur Baldvin Nokkvason;Stjarnan Garðabær;24;21;1890;7;6;7.25;12;52;81.74;4;39;17.95;28;51;0;8;5;564;18;;;;;;7;0;1142129;https://www.sofascore.com/football/player/gudmundur-baldvin-nokkvason/1142129
2025;Gudmundur Magnusson;Breidablik Kópavogur;17;3;449;3;0;6.74;0;1;49.57;3;9;33.33;1;9;0;2;1;57;6;;;;;;2;0;64548;https://www.sofascore.com/football/player/gudmundur-magnusson/64548
2025;Gudmundur Páll Einarsson;IF Vestri;5;1;102;0;0;6.78;0;4;68.18;0;1;0;3;4;0;1;0;15;0;;;;;;0;0;1214157;https://www.sofascore.com/football/player/gudmundur-pall-einarsson/1214157
2025;Guðmundur Arnar Svavarsson;IF Vestri;17;4;562;0;2;6.58;0;8;76.47;1;2;0;7;16;0;3;2;117;7;;;;;;3;0;1029105;https://www.sofascore.com/football/player/gudmundur-arnar-svavarsson/1029105
2025;Guðmundur Kristjánsson;Stjarnan Garðabær;23;22;1783;0;2;7.1;10;29;81.73;2;13;0;31;129;0;20;2;756;13;;;;;;5;0;64376;https://www.sofascore.com/football/player/gudmundur-kristjansson/64376
2025;Gunnar Bergmann Sigmarsson;UMF Afturelding;19;18;1451;0;0;6.87;0;19;86.19;0;9;0;20;103;0;11;0;730;6;;;;;;3;0;1214190;https://www.sofascore.com/football/player/gunnar-bergmann-sigmarsson/1214190
2025;Gunnar Jónas Hauksson;IF Vestri;25;17;1561;3;1;6.71;9;42;75.93;2;15;20;12;36;1;9;3;369;15;;;;;;5;0;1026009;https://www.sofascore.com/football/player/gunnar-jonas-hauksson/1026009
2025;Gunnar Vatnhamar;Víkingur Reykjavík;18;17;1533;2;1;7.11;2;18;87.02;2;15;13.33;9;104;0;8;1;858;4;;;;;;1;0;238848;https://www.sofascore.com/football/player/gunnar-vatnhamar/238848
2025;Gustav Kjeldsen;IF Vestri;26;26;2324;0;0;6.72;2;32;85.29;1;10;0;39;103;1;15;0;1090;6;;;;;;7;0;933261;https://www.sofascore.com/football/player/gustav-kjeldsen/933261
2025;Guy Smit;IF Vestri;27;27;2430;0;0;6.93;4;0;58;0;0;0;0;18;0;0;0;674;0;94;6;1;57;8;3;0;826974;https://www.sofascore.com/football/player/guy-smit/826974
2025;Gylfi Sigurðsson;Víkingur Reykjavík;24;23;1941;6;5;7.59;21;51;84.14;6;58;10.34;18;21;0;7;12;642;55;;;;;;6;1;43192;https://www.sofascore.com/football/player/gylfi-sigursson/43192
2025;Gyrðir Hrafn Guðbrandsson;KR Reykjavík;14;9;971;0;0;6.54;2;15;86;0;3;0;12;56;0;10;0;381;3;;;;;;2;0;904604;https://www.sofascore.com/football/player/gyrdir-hrafn-gudbrandsson/904604
2025;Halldór Snær Georgsson;KR Reykjavík;25;25;2250;0;0;6.92;1;0;85.79;0;0;0;3;53;0;0;0;1171;2;87;2;0;59;45;0;0;1102809;https://www.sofascore.com/football/player/halldor-snaer-georgsson/1102809
2025;Hallgrimur Mar Steingrimsson;KA Akureyri;27;26;2333;13;5;7.94;49;23;81.09;0;101;12.87;19;10;1;1;12;819;78;;;;;;5;0;814408;https://www.sofascore.com/football/player/hallgrimur-mar-steingrimsson/814408
2025;Hans Viktor Guðmundsson;KA Akureyri;25;25;2230;4;3;7.3;5;39;82.98;0;17;23.53;32;166;1;25;4;1131;11;;;;;;4;0;840845;https://www.sofascore.com/football/player/hans-viktor-gudmundsson/840845
2025;Haraldur Agust Brynjarsson;Víkingur Reykjavík;1;0;7;0;0;0;0;0;0;0;0;0;0;0;0;0;0;0;0;;;;;;0;0;1906323;https://www.sofascore.com/football/player/haraldur-agust-brynjarsson/1906323
2025;Haraldur Einar Ásgrímsson;Fram Reykjavík;26;25;2133;0;5;6.85;22;22;78.23;0;13;0;20;46;0;6;7;787;40;;;;;;5;0;1046426;https://www.sofascore.com/football/player/haraldur-einar-asgrimsson/1046426
2025;Haukur Andri Haraldsson;ÍA Akranes;26;22;1959;3;5;6.7;13;27;83.72;3;14;21.43;10;12;1;1;4;576;23;;;;;;3;1;1136881;https://www.sofascore.com/football/player/haukur-andri-haraldsson/1136881
2025;Haukur Orn Brink;Stjarnan Garðabær;11;2;226;0;0;6.58;3;3;70.73;1;5;0;2;6;0;0;1;29;3;;;;;;0;0;1489955;https://www.sofascore.com/football/player/haukur-orn-brink/1489955
2025;Helgi Guðjónsson;Víkingur Reykjavík;26;21;1911;8;7;7.25;5;27;81.68;5;30;26.67;16;60;1;5;13;526;48;;;;;;2;0;862344;https://www.sofascore.com/football/player/helgi-gudjonsson/862344
2025;Hermann Thor Ragnarsson;ÍBV Vestmannaeyjar;23;21;1701;6;1;6.91;21;22;68.62;1;32;18.75;6;11;0;1;1;234;21;;;;;;4;0;1485611;https://www.sofascore.com/football/player/ragnarsson-hermann-thor/1485611
2025;Hjalti Sigurðsson;KR Reykjavík;19;14;1304;1;2;6.89;8;19;86.24;0;8;12.5;17;39;0;9;4;777;15;;;;;;2;1;904603;https://www.sofascore.com/football/player/hjalti-sigurdsson/904603
2025;Hjörvar Daði Arnarsson;ÍBV Vestmannaeyjar;2;2;180;0;0;7.1;0;0;40.43;0;0;0;0;1;0;0;0;19;0;13;0;0;8;1;0;0;906004;https://www.sofascore.com/football/player/hjorvar-dadi-arnarsson/906004
2025;Hlynur Sævar Jónsson;ÍA Akranes;21;17;1499;0;0;6.81;5;23;80.44;2;11;0;19;88;0;15;2;621;8;;;;;;6;0;992602;https://www.sofascore.com/football/player/hlynur-saevar-jonsson/992602
2025;Hlynur Örn Andrason;Fram Reykjavík;1;0;2;0;0;0;0;0;100;0;0;0;0;0;0;0;0;2;0;;;;;;0;0;2033625;https://www.sofascore.com/football/player/maple-orn-andraso/2033625
2025;Hólmar Örn Eyjólfsson;Valur Reykjavík;25;25;2250;2;0;6.95;0;28;89.7;4;24;8.33;18;141;0;18;1;1184;3;;;;;;6;1;87501;https://www.sofascore.com/football/player/holmar-orn-eyjolfsson/87501
2025;Hrannar Björn Steingrímsson;KA Akureyri;19;12;1100;1;0;6.69;7;24;78.07;0;13;7.69;8;29;1;3;4;292;14;;;;;;4;0;879175;https://www.sofascore.com/football/player/hrannar-bjorn-steingrimsson/879175
2025;Hrannar Snær Magnússon;UMF Afturelding;26;26;2339;12;2;7.27;43;36;75.6;4;70;17.14;20;53;0;2;0;474;25;;;;;;6;0;1029474;https://www.sofascore.com/football/player/hrannar-snaer-magnusson/1029474
2025;Hörður Ingi Gunnarsson;Valur Reykjavík;4;0;62;0;0;6.73;1;3;83.33;0;1;0;0;5;0;1;0;20;0;;;;;;0;0;562536;https://www.sofascore.com/football/player/hordur-ingi-gunnarsson/562536
2025;Höskuldur Gunnlaugsson;Breidablik Kópavogur;23;22;1946;9;2;7.37;15;30;74.61;1;58;15.52;17;46;1;10;2;567;43;;;;;;5;1;156416;https://www.sofascore.com/football/player/hoskuldur-gunnlaugsson/156416
2025;Indriði Áki Þorláksson;ÍBV Vestmannaeyjar;2;0;25;0;0;6.65;0;1;66.67;0;0;0;0;1;0;0;0;8;1;;;;;;0;0;242263;https://www.sofascore.com/football/player/indridi-aki-thorlaksson/242263
2025;Ingimar Torbjornsson Stole;KA Akureyri;23;12;1230;2;5;6.87;23;20;85.64;3;22;9.09;7;20;0;6;5;316;19;;;;;;4;0;1381598;https://www.sofascore.com/football/player/ingimar-torbjornsson-stole/1381598
2025;Ingvar Jónsson;Víkingur Reykjavík;21;21;1831;0;0;6.61;0;0;64.81;0;0;0;0;17;0;0;0;477;1;27;8;0;17;21;3;1;116610;https://www.sofascore.com/football/player/ingvar-jonsson/116610
2025;Israel Garcia;Fram Reykjavík;24;20;1794;1;1;6.89;5;28;74.27;0;20;5;26;48;0;9;5;664;23;;;;;;4;0;1164670;https://www.sofascore.com/football/player/israel-garcia/1164670
2025;Ísak Máni Guðjónsson;ÍA Akranes;22;11;1088;2;0;6.76;15;30;76.79;0;15;13.33;11;18;0;3;2;258;10;;;;;;4;0;1122397;https://www.sofascore.com/football/player/isak-mani-gudjonsson/1122397
2025;Ísak Óli Ólafsson;FH Hafnarfjörður;18;16;1460;2;0;7.08;0;12;84.24;1;16;12.5;14;141;0;13;2;556;12;;;;;;2;0;884047;https://www.sofascore.com/football/player/isak-oli-olafsson/884047
2025;Ívar Örn Árnason;KA Akureyri;25;25;2217;1;0;7.14;5;45;82.81;1;18;5.56;27;168;2;19;2;1151;7;;;;;;8;0;865023;https://www.sofascore.com/football/player/ivar-orn-arnason/865023
2025;Jakob Bystrom;Fram Reykjavík;18;11;934;7;0;6.93;5;5;77.94;3;19;36.84;5;1;0;1;0;106;7;;;;;;3;0;2115958;https://www.sofascore.com/football/player/jakob-bystrom/2115958
2025;Jakob Franz Pálsson;Valur Reykjavík;18;6;643;0;0;6.62;3;13;70.46;2;5;0;6;44;0;7;1;167;5;;;;;;1;0;1028993;https://www.sofascore.com/football/player/jakob-franz-palsson/1028993
2025;Jakob Snær Árnason;KA Akureyri;15;6;639;0;0;6.49;4;7;69.23;2;9;0;5;8;0;1;1;81;16;;;;;;1;0;862644;https://www.sofascore.com/football/player/jakob-snaer-arnason/862644
2025;Jeppe Pedersen;IF Vestri;26;26;2209;2;1;6.92;12;40;83.81;2;28;7.14;27;41;0;2;2;911;13;;;;;;7;0;918431;https://www.sofascore.com/football/player/jeppe-pedersen/918431
2025;Johannes Bjarnason;KR Reykjavík;15;14;1270;6;4;7.53;6;19;81;4;34;17.65;7;22;0;0;4;520;35;;;;;;1;0;1640250;https://www.sofascore.com/football/player/johannes-bjarnason/1640250
2025;Johannes Selven;IF Vestri;8;2;247;0;0;6.5;2;5;76.19;0;2;0;2;2;0;0;0;48;1;;;;;;1;0;1462749;https://www.sofascore.com/football/player/selven-johannes/1462749
2025;Johannes Vall;ÍA Akranes;22;19;1718;0;0;6.67;21;34;79.32;1;10;0;20;47;0;5;2;468;19;;;;;;2;0;97894;https://www.sofascore.com/football/player/johannes-vall/97894
2025;Jon Hrafn Barkarson;Stjarnan Garðabær;8;4;131;0;0;6.65;3;2;76.09;0;3;0;1;4;0;0;0;35;2;;;;;;0;0;1138051;https://www.sofascore.com/football/player/jon-hrafn-barkarson/1138051
2025;Jonas Gemmer;ÍA Akranes;3;3;212;0;0;6.57;1;2;75.53;0;2;0;1;4;0;2;0;71;1;;;;;;2;0;280707;https://www.sofascore.com/football/player/jonas-gemmer/280707
2025;Jonathan Rasheed;KA Akureyri;3;3;269;0;0;6.67;0;0;69.75;0;0;0;0;3;0;0;0;83;0;9;0;0;5;0;0;0;192630;https://www.sofascore.com/football/player/jonathan-rasheed/192630
2025;Jovan Mitrović;ÍBV Vestmannaeyjar;6;6;334;0;0;7.18;0;0;84.97;1;2;0;8;22;0;8;0;164;2;;;;;;0;0;1530660;https://www.sofascore.com/football/player/jovan-mitrovic/1530660
2025;Jóan Edmundsson;KA Akureyri;23;17;1510;3;1;6.96;16;11;78.77;3;28;10.71;9;6;0;1;2;449;28;;;;;;7;0;64860;https://www.sofascore.com/football/player/joan-edmundsson/64860
2025;Jóhann Árni Gunnarsson;Stjarnan Garðabær;20;15;1371;2;4;7.04;6;36;77.8;2;24;8.33;13;20;0;2;4;459;29;;;;;;2;0;933118;https://www.sofascore.com/football/player/johann-arni-gunnarsson/933118
2025;Jóhann Mikael Ingólfsson;KA Akureyri;1;0;1;0;0;0;0;0;0;0;0;0;0;0;0;0;0;0;0;0;0;0;0;0;0;0;1561983;https://www.sofascore.com/football/player/johann-mikael-ingolfsson/1561983
2025;Jóhann Tjörvason;Víkingur Reykjavík;1;0;8;0;0;6.8;0;0;100;0;1;0;0;1;0;0;0;5;0;;;;;;0;0;1511024;https://www.sofascore.com/football/player/johann-tjorvason/1511024
2025;Jóhann Ægir Arnarsson;FH Hafnarfjörður;14;3;425;0;0;6.49;0;7;87.63;1;3;0;3;17;0;6;0;163;1;;;;;;0;1;1126744;https://www.sofascore.com/football/player/johann-aegir-arnarsson/1126744
2025;Jón Breki Guðmundsson;ÍA Akranes;2;0;22;0;0;6.6;0;0;100;0;0;0;1;0;0;0;0;10;0;;;;;;0;0;1842327;https://www.sofascore.com/football/player/jon-breki-gudmundsson/1842327
2025;Jón Gísli Eyland Gíslason;ÍA Akranes;26;24;2208;2;6;7.23;29;60;73.24;0;24;8.33;24;75;0;12;19;717;46;;;;;;5;0;983498;https://www.sofascore.com/football/player/jon-gisli-eyland-gislason/983498
2025;Jónatan Ingi Jónsson;Valur Reykjavík;27;27;2351;6;6;7.35;62;25;78.16;3;60;10;19;24;0;5;10;723;41;;;;;;1;0;796693;https://www.sofascore.com/football/player/jonatan-ingi-jonsson/796693
2025;Julius Mar Juliusson;KR Reykjavík;16;16;1308;0;0;6.86;4;18;91.35;0;3;0;19;62;0;10;0;887;6;;;;;;4;0;1381375;https://www.sofascore.com/football/player/julius-mar-juliusson/1381375
2025;Jökull Andrésson;UMF Afturelding;27;27;2385;0;0;6.99;0;1;67.79;0;0;0;0;42;2;0;0;522;1;94;4;0;61;10;0;0;990374;https://www.sofascore.com/football/player/jokull-andresson/990374
2025;Jörgen Ninive Pettersen;ÍBV Vestmannaeyjar;1;0;35;0;0;6.3;1;;0;;0;0;;1;;;;11;0;;;;;;0;0;1200903;https://www.sofascore.com/football/player/jorgen-ninive-pettersen/1200903
2025;Jörgen Pettersen;ÍBV Vestmannaeyjar;9;3;383;0;0;6.8;0;20;69.7;0;8;0;6;4;0;0;2;69;5;;;;;;0;0;1142809;https://www.sofascore.com/football/player/jorgen-pettersen/1142809
2025;Kajus Pauzuolis;Fram Reykjavík;1;0;2;0;0;0;0;0;0;0;0;0;0;0;0;0;0;0;0;;;;;;0;0;2115959;https://www.sofascore.com/football/player/kajus-pauzuolis/2115959
2025;Karl Friðleifur Gunnarsson;Víkingur Reykjavík;23;19;1697;2;2;7;10;31;86.69;1;18;11.11;7;53;0;6;4;749;15;;;;;;3;0;907515;https://www.sofascore.com/football/player/karl-fridleifur-gunnarsson/907515
2025;Kári Gautason;KA Akureyri;5;2;245;0;0;6.78;6;16;79.8;0;2;0;4;8;0;2;0;79;3;;;;;;1;0;1119470;https://www.sofascore.com/football/player/kari-gautason/1119470
2025;Kennie Knak Chopart;Fram Reykjavík;26;26;2340;6;5;7.19;13;49;75.58;3;51;11.76;31;83;0;13;4;653;17;;;;;;5;0;66470;https://www.sofascore.com/football/player/kennie-knak-chopart/66470
2025;Kjartan Kári Halldórsson;FH Hafnarfjörður;27;27;2366;6;10;7.21;25;16;66.6;7;69;8.7;11;30;0;0;15;317;57;;;;;;3;0;1049414;https://www.sofascore.com/football/player/kjartan-kari-halldorsson/1049414
2025;Kjartan Mar Kjartansson;Stjarnan Garðabær;10;8;625;0;0;6.83;9;13;87.57;0;8;0;7;17;0;3;0;310;4;;;;;;4;0;1387350;https://www.sofascore.com/football/player/kjartan-mar-kjartansson/1387350
2025;Kristinn Freyr Sigurðsson;Valur Reykjavík;18;12;1156;1;2;6.88;10;19;85.38;0;10;10;8;8;0;1;2;543;19;;;;;;5;0;64423;https://www.sofascore.com/football/player/kristinn-freyr-sigursson/64423
2025;Kristinn Jónsson;Breidablik Kópavogur;15;8;808;1;3;6.95;1;18;76.84;1;7;14.29;4;22;0;2;3;272;18;;;;;;1;0;64384;https://www.sofascore.com/football/player/kristinn-jonsson/64384
2025;Kristinn Steindorsson;Breidablik Kópavogur;24;14;1264;1;2;6.9;16;20;83.08;1;33;3.03;12;8;0;0;4;555;28;;;;;;4;0;64386;https://www.sofascore.com/football/player/kristinn-steindorsson/64386
2025;Kristján Flóki Finnbogason;FH Hafnarfjörður;14;6;536;3;0;6.75;6;5;65.71;1;14;21.43;8;10;0;3;0;69;4;;;;;;1;0;187019;https://www.sofascore.com/football/player/kristjan-floki-finnbogason/187019
2025;Kristján Oddur Kristjánsson;Valur Reykjavík;2;0;29;0;0;6.45;1;0;86.96;0;0;0;0;0;0;0;0;20;0;;;;;;0;0;2037822;https://www.sofascore.com/football/player/kristjan-oddur-kristjansson/2037822
2025;Kristofer Kristinsson;Breidablik Kópavogur;20;10;907;5;0;6.98;8;10;72.81;6;35;14.29;5;13;0;2;0;158;8;;;;;;2;0;858273;https://www.sofascore.com/football/player/kristofer-kristinsson/858273
2025;Kristoffer Grauberg Lepik;IF Vestri;9;0;120;0;0;6.53;1;2;70.37;0;4;0;0;0;0;0;0;19;2;;;;;;2;0;1001206;https://www.sofascore.com/football/player/kristoffer-grauberg-lepik/1001206
2025;Kristófer Konrádsson;Fram Reykjavík;12;1;229;1;0;6.71;4;3;71.59;1;9;11.11;3;2;0;0;1;63;1;;;;;;1;0;858272;https://www.sofascore.com/football/player/kristofer-konradsson/858272
2025;Kristófer Orri Pétursson;KR Reykjavík;3;3;65;0;0;6.5;0;0;80;0;2;0;0;1;0;0;0;12;0;;;;;;0;0;1026014;https://www.sofascore.com/football/player/kristofer-orri-petursson/1026014
2025;Kyle McLagan;Fram Reykjavík;23;22;1863;1;0;6.93;7;37;74.82;3;14;7.14;21;112;0;23;0;508;3;;;;;;5;1;962740;https://www.sofascore.com/football/player/mclagan-kyle/962740
2025;Luc Kassi;UMF Afturelding;11;6;520;2;1;6.81;4;5;80.89;1;16;12.5;1;1;0;0;1;127;8;;;;;;1;0;260675;https://www.sofascore.com/football/player/luc-kassi/260675
2025;Luke Rae;KR Reykjavík;12;11;821;4;4;7.33;26;15;76.89;2;21;19.05;4;2;0;2;7;203;25;;;;;;1;0;1121253;https://www.sofascore.com/football/player/luke-rae/1121253
2025;Lúkas Logi Heimisson;Valur Reykjavík;26;16;1508;6;4;7;28;19;79.06;3;42;14.29;8;15;0;3;3;404;14;;;;;;6;0;1026024;https://www.sofascore.com/football/player/lukas-logi-heimisson/1026024
2025;Magnus Thordarson;Fram Reykjavík;14;5;478;0;1;6.63;6;7;74.82;3;7;0;0;2;0;0;1;104;5;;;;;;3;0;960300;https://www.sofascore.com/football/player/magnus-thordarson/960300
2025;Mar Aegisson;Fram Reykjavík;26;20;1725;1;0;6.85;15;22;75.29;2;21;4.76;10;21;0;13;5;460;22;;;;;;0;0;933199;https://www.sofascore.com/football/player/mar-aegisson/933199
2025;Marcel Rømer;KA Akureyri;23;20;1728;0;0;6.92;5;37;81.99;1;21;0;17;21;0;9;2;815;21;;;;;;8;0;99174;https://www.sofascore.com/football/player/marcel-romer/99174
2025;Marcel Zapytowski;ÍBV Vestmannaeyjar;25;25;2250;0;0;6.99;0;1;56.98;0;0;0;0;36;5;0;0;408;0;80;7;0;50;14;7;0;941969;https://www.sofascore.com/football/player/marcel-zapytowski/941969
2025;Marius Lundemo;Valur Reykjavík;17;12;1040;0;0;6.65;0;15;84.24;1;5;0;9;41;0;6;1;401;6;;;;;;5;0;228334;https://www.sofascore.com/football/player/marius-lundemo/228334
2025;Marko Vardic;ÍA Akranes;25;23;2016;1;2;6.86;13;60;68.97;4;28;3.57;32;54;0;15;4;489;18;;;;;;6;0;814742;https://www.sofascore.com/football/player/marko-vardic/814742
2025;Markus Mani Petursson;KA Akureyri;6;1;206;1;0;6.88;0;9;79.49;0;3;33.33;1;11;0;3;0;62;0;;;;;;0;0;2101094;https://www.sofascore.com/football/player/markus-mani-petursson/2101094
2025;Markus Nakkim;Valur Reykjavík;23;23;1972;0;1;7.02;4;24;89.9;2;26;0;23;126;0;16;1;1291;10;;;;;;4;0;793401;https://www.sofascore.com/football/player/markus-nakkim/793401
2025;Mathias Rosenørn;FH Hafnarfjörður;26;26;2339;0;0;6.74;0;0;59.08;0;0;0;0;22;1;0;0;527;1;67;6;0;46;5;1;1;243061;https://www.sofascore.com/football/player/mathias-rosenorn/243061
2025;Matthias Praest;KR Reykjavík;25;25;2015;3;5;6.8;30;23;83.44;10;41;7.32;9;13;1;0;4;630;28;;;;;;2;0;976994;https://www.sofascore.com/football/player/matthias-praest/976994
2025;Matthías Vilhjálmsson;Víkingur Reykjavík;18;5;607;2;1;6.88;5;10;82.81;1;7;28.57;2;19;0;3;3;212;7;;;;;;5;0;25122;https://www.sofascore.com/football/player/matthias-vilhjalmsson/25122
2025;Mattias Edeland;ÍBV Vestmannaeyjar;25;24;2170;0;0;6.98;2;29;82.24;0;9;0;21;152;0;26;0;750;4;;;;;;3;0;1483220;https://www.sofascore.com/football/player/mattias-edeland/1483220
2025;Mattías Kjeld;Valur Reykjavík;1;0;14;0;0;6.7;0;;0;;0;0;;0;;;;1;0;;;;;;0;0;2551045;https://www.sofascore.com/football/player/mattias-kjeld/2551045
2025;Michael Akoto;KR Reykjavík;6;4;385;1;0;6.87;2;0;90.16;0;4;25;4;16;0;2;0;229;0;;;;;;1;0;844858;https://www.sofascore.com/football/player/michael-akoto/844858
2025;Mikael Breki Thórdarson;KA Akureyri;9;2;197;1;0;6.65;0;4;81.58;0;2;50;4;4;0;0;0;62;0;;;;;;0;0;1390774;https://www.sofascore.com/football/player/mikael-breki-thordarson/1390774
2025;Milan Tomić;ÍBV Vestmannaeyjar;20;18;1645;0;0;7;12;40;78.01;3;22;0;46;68;0;8;4;525;14;;;;;;7;0;1147581;https://www.sofascore.com/football/player/milan-tomic/1147581
2025;Morten Hansen;IF Vestri;23;20;1836;0;2;6.8;0;29;82.39;0;8;0;10;108;1;12;5;739;12;;;;;;1;0;246175;https://www.sofascore.com/football/player/morten-hansen/246175
2025;Nikolaj Hansen;Víkingur Reykjavík;25;17;1376;10;0;6.98;7;9;63.25;9;44;22.73;4;34;0;5;1;148;8;;;;;;3;0;193640;https://www.sofascore.com/football/player/nikolaj-hansen/193640
2025;Nokkvi Mar Nokkvason;ÍBV Vestmannaeyjar;22;6;527;0;0;6.52;0;7;68.18;0;3;0;2;22;0;4;0;90;1;;;;;;4;0;916039;https://www.sofascore.com/football/player/nokkvi-mar-nokkvason/916039
2025;Oliver Ekroth;Víkingur Reykjavík;22;22;1887;1;2;7.12;6;26;88.89;2;16;6.25;23;106;2;9;1;1304;12;;;;;;4;0;809295;https://www.sofascore.com/football/player/oliver-ekroth/809295
2025;Oliver Heidarsson;ÍBV Vestmannaeyjar;20;18;1568;4;4;7.07;13;19;61.29;8;49;8.16;12;4;0;0;3;152;23;;;;;;3;0;933908;https://www.sofascore.com/football/player/oliver-heidarsson/933908
2025;Oliver Sigurjonsson;UMF Afturelding;16;14;1142;0;1;7.03;7;25;83.93;0;12;0;20;28;0;9;5;517;16;;;;;;4;0;135627;https://www.sofascore.com/football/player/oliver-sigurjonsson/135627
2025;Oliver Stefánsson;ÍA Akranes;14;14;1148;0;0;6.66;2;17;77.67;1;5;0;9;72;0;6;2;327;4;;;;;;6;0;959731;https://www.sofascore.com/football/player/oliver-stefansson/959731
2025;Omar Sowe;ÍBV Vestmannaeyjar;6;4;393;2;1;6.97;8;4;77.23;4;16;12.5;1;1;0;1;0;78;3;;;;;;1;0;983145;https://www.sofascore.com/football/player/omar-sowe/983145
2025;Orri Hrafn Kjartansson;KR Reykjavík;22;13;1076;0;1;6.65;5;15;81.52;2;13;0;5;2;0;0;1;225;9;;;;;;3;0;933204;https://www.sofascore.com/football/player/orri-hrafn-kjartansson/933204
2025;Orri Sigurður Ómarsson;Valur Reykjavík;25;21;1946;3;2;6.91;3;42;79.23;0;8;37.5;30;74;1;11;5;847;13;;;;;;4;0;127436;https://www.sofascore.com/football/player/orri-sigurur-omarsson/127436
2025;Ólafur Íshólm Ólafsson;Fram Reykjavík;2;2;180;0;0;6.5;0;0;72.88;0;0;0;2;3;0;0;0;43;0;2;0;0;0;5;0;0;234604;https://www.sofascore.com/football/player/olafur-isholm-olafsson/234604
2025;Óli Valur Ómarsson;Breidablik Kópavogur;24;21;1750;3;1;6.82;29;13;67.82;1;45;6.67;6;5;0;2;3;314;29;;;;;;6;0;957138;https://www.sofascore.com/football/player/oli-valur-omarsson/957138
2025;Óliver Elís Hlynsson;Fram Reykjavík;3;2;39;0;0;6.4;1;0;66.67;0;1;0;0;1;0;0;0;6;0;;;;;;0;0;1142815;https://www.sofascore.com/football/player/oliver-elis-hlynsson/1142815
2025;Ómar Björn Stefánsson;ÍA Akranes;25;20;1709;5;1;6.76;32;7;66.36;10;42;11.9;2;12;0;1;5;144;19;;;;;;1;0;1141273;https://www.sofascore.com/football/player/omar-bjorn-stefansson/1141273
2025;Óskar Borgthórsson;Víkingur Reykjavík;12;11;910;4;1;7.25;13;17;79.79;3;37;10.81;7;12;0;1;5;229;14;;;;;;4;0;1082814;https://www.sofascore.com/football/player/borgthorsson-oskar/1082814
2025;Óskar Ingimar Ómarsson;IF Vestri;1;0;1;0;0;0;0;0;0;0;0;0;0;0;0;0;0;0;0;;;;;;0;0;2165087;https://www.sofascore.com/football/player/oskar-ingimar-omarsson/2165087
2025;Pablo Punyed;Víkingur Reykjavík;7;2;173;0;0;6.65;2;2;87.74;0;0;0;2;1;0;0;0;136;4;;;;;;0;0;234702;https://www.sofascore.com/football/player/pablo-punyed/234702
2025;Patrick Pedersen;Valur Reykjavík;19;19;1553;18;3;7.47;12;4;78.84;8;52;34.62;8;17;0;1;4;298;23;;;;;;3;0;198264;https://www.sofascore.com/football/player/patrick-pedersen/198264
2025;Pálmi Rafn Arinbjörnsson;Víkingur Reykjavík;8;6;598;0;0;6.48;0;0;74.14;0;0;0;0;11;1;0;1;195;1;19;1;0;11;5;0;0;1029425;https://www.sofascore.com/football/player/palmi-rafn-arinbjornsson/1029425
2025;Petur Bjarnason;IF Vestri;4;0;90;0;0;6.6;0;1;50;1;4;0;0;0;0;0;0;10;0;;;;;;3;0;1029107;https://www.sofascore.com/football/player/petur-bjarnason/1029107
2025;Robert Elli Vífilsson;ÍA Akranes;2;0;10;0;0;6.5;0;0;33.33;0;0;0;0;0;0;0;0;1;0;;;;;;0;0;1842375;https://www.sofascore.com/football/player/robert-elli-vifilsson/1842375
2025;Rodri;KA Akureyri;25;22;1933;0;1;6.74;4;33;89.25;0;3;0;50;84;1;14;0;739;7;;;;;;6;0;862588;https://www.sofascore.com/football/player/rodri/862588
2025;Róbert Daðason;UMF Afturelding;1;0;9;0;0;6.4;0;0;0;0;0;0;0;0;0;0;0;0;0;;;;;;0;0;2178929;https://www.sofascore.com/football/player/robert-dadason/2178929
2025;Róbert Elís Hlynsson;KR Reykjavík;7;2;220;0;1;6.6;2;3;84.51;1;1;0;2;3;0;0;1;60;4;;;;;;0;0;1567341;https://www.sofascore.com/football/player/robert-elis-hlynsson/1567341
2025;Róbert Hauksson;Fram Reykjavík;21;15;1411;3;2;6.69;7;16;68;9;25;12;5;36;0;0;2;102;11;;;;;;1;0;1028689;https://www.sofascore.com/football/player/robert-hauksson/1028689
2025;Róbert Orri Þorkelsson;Víkingur Reykjavík;15;9;906;0;0;6.88;3;17;91.19;0;4;0;11;47;0;6;0;621;4;;;;;;4;0;983497;https://www.sofascore.com/football/player/robert-orri-thorkelsson/983497
2025;Rúnar Már Sigurjónsson;ÍA Akranes;24;24;2022;1;4;7.26;15;37;79.3;0;41;2.44;27;75;0;10;10;889;37;;;;;;7;0;66530;https://www.sofascore.com/football/player/runar-mar-sigurjonsson/66530
2025;Samúel Kári Friðjónsson;Stjarnan Garðabær;25;22;1921;0;2;7.17;4;41;86.5;0;20;0;22;106;2;16;4;865;26;;;;;;3;1;358204;https://www.sofascore.com/football/player/samuel-kari-fridjonsson/358204
2025;Sergine Fall;IF Vestri;22;10;942;0;0;6.59;4;33;75.38;0;2;0;10;40;1;3;0;199;2;;;;;;3;0;1029098;https://www.sofascore.com/football/player/sergine-fall/1029098
2025;Sigurdur Breki Karason;KR Reykjavík;3;1;100;0;0;6.25;1;0;93.75;0;1;0;0;0;0;0;0;15;0;;;;;;1;0;2029592;https://www.sofascore.com/football/player/sigurdur-breki-karason/2029592
2025;Sigurdur Gunnar Jónsson;Stjarnan Garðabær;13;4;489;0;0;6.73;0;7;89.23;0;1;0;6;23;0;8;0;265;3;;;;;;0;0;1858023;https://www.sofascore.com/football/player/sigurdur-gunnar-jonsson/1858023
2025;Sigurdur Hallsson;FH Hafnarfjörður;26;23;2005;16;2;7.35;19;29;60.1;14;80;20;17;46;0;5;3;238;20;;;;;;4;0;996859;https://www.sofascore.com/football/player/sigurdur-hallsson/996859
2025;Sigurður Arnar Magnússon;ÍBV Vestmannaeyjar;25;24;2186;3;0;7.23;6;33;81.49;0;23;13.04;26;182;0;16;1;753;7;;;;;;6;0;858284;https://www.sofascore.com/football/player/sigurdur-arnar-magnusson/858284
2025;Sigurður Egill Lárusson;Valur Reykjavík;23;10;978;1;1;6.69;2;18;76.82;0;5;20;17;31;0;3;3;348;12;;;;;;4;0;66561;https://www.sofascore.com/football/player/sigurur-egill-larusson/66561
2025;Sigurjon Runarsson;Fram Reykjavík;26;25;2238;3;0;7.13;6;29;80.52;0;12;25;30;183;0;41;0;653;1;;;;;;6;0;879491;https://www.sofascore.com/football/player/sigurjon-runarsson/879491
2025;Sigurpáll Melberg Pálsson;UMF Afturelding;12;7;679;0;0;6.69;0;3;84.49;1;9;0;5;45;0;7;0;316;3;;;;;;4;0;862331;https://www.sofascore.com/football/player/sigurpall-melberg-palsson/862331
2025;Silas Songani;IF Vestri;13;1;245;0;1;6.55;4;0;77.01;1;6;0;1;0;0;0;1;67;2;;;;;;2;0;321841;https://www.sofascore.com/football/player/silas-songani/321841
2025;Simon Tibbling;Fram Reykjavík;26;26;2292;3;3;7.13;26;46;86.13;0;19;15.79;9;22;0;1;8;1223;37;;;;;;4;0;138560;https://www.sofascore.com/football/player/simon-tibbling/138560
2025;Sindri Þór Ingimarsson;Stjarnan Garðabær;25;20;1804;2;0;6.91;2;14;86.33;0;7;28.57;14;121;0;18;1;1048;5;;;;;;3;0;879182;https://www.sofascore.com/football/player/sindri-thor-ingimarsson/879182
2025;Snorri Kristinsson;KA Akureyri;3;0;27;0;1;6.95;0;0;75;0;0;0;1;1;0;1;1;9;1;;;;;;0;0;1874629;https://www.sofascore.com/football/player/snorri-kristinsson/1874629
2025;Stefan Gisli Stefansson;Valur Reykjavík;3;1;22;1;0;7.05;1;0;88;0;1;100;1;0;0;0;0;22;1;;;;;;0;0;1426266;https://www.sofascore.com/football/player/stefan-gisli-stefansson/1426266
2025;Stefan Thor Agustsson;Valur Reykjavík;12;12;1080;0;1;6.63;0;0;63.64;0;0;0;0;11;0;0;0;245;2;37;0;0;20;3;0;0;1878022;https://www.sofascore.com/football/player/stefan-agustsson/1878022
2025;Stefán Árni Geirsson;KR Reykjavík;1;0;13;0;0;6.5;0;0;50;0;0;0;0;1;0;1;0;3;0;;;;;;0;0;904613;https://www.sofascore.com/football/player/stefan-arni-geirsson/904613
2025;Steinar Þorsteinsson;ÍA Akranes;13;5;531;2;0;6.81;1;5;76.29;3;15;13.33;0;5;0;0;1;148;8;;;;;;1;0;841401;https://www.sofascore.com/football/player/steinar-thorsteinsson/841401
2025;Steinþór Már Auðunsson;KA Akureyri;16;16;1385;0;0;6.99;3;1;63.62;0;0;0;0;25;0;0;0;306;0;44;5;1;33;9;0;0;879547;https://www.sofascore.com/football/player/steinthor-mar-audunsson/879547
2025;Steven Caulker;Stjarnan Garðabær;11;11;990;0;0;7.22;1;14;90.13;1;13;0;5;89;0;14;1;493;4;;;;;;2;0;73685;https://www.sofascore.com/football/player/steven-caulker/73685
2025;Stigur Diljan Thordarson;Víkingur Reykjavík;16;9;913;1;2;6.74;16;13;84.62;3;24;4.17;8;13;0;0;3;198;12;;;;;;5;0;1131437;https://www.sofascore.com/football/player/stigur-diljan-thordarson/1131437
2025;Sveinn Gísli Þorkelsson;Víkingur Reykjavík;21;13;1148;2;1;7.07;12;20;86.9;3;11;18.18;12;87;0;9;1;650;8;;;;;;5;0;1196096;https://www.sofascore.com/football/player/sveinn-gisli-thorkelsson/1196096
2025;Sverrir Páll Hjaltested;ÍBV Vestmannaeyjar;26;19;1400;6;1;6.94;16;5;58.96;1;29;20.69;8;12;0;2;1;181;11;;;;;;4;0;1025994;https://www.sofascore.com/football/player/sverrir-pall-hjaltested/1025994
2025;Sævar Atli Hugason;UMF Afturelding;19;10;819;0;1;6.76;7;19;87.5;1;15;0;10;11;0;6;0;294;12;;;;;;2;0;1142837;https://www.sofascore.com/football/player/saevar-atli-hugason/1142837
2025;Tarik Ibrahimagić;Víkingur Reykjavík;25;13;1445;1;1;6.99;14;33;87.74;0;13;7.69;24;36;0;5;3;687;8;;;;;;6;0;1017669;https://www.sofascore.com/football/player/tarik-ibrahimagic/1017669
2025;Thibang Phete;IF Vestri;20;15;1291;0;1;6.77;18;23;86.5;3;17;0;23;55;1;9;1;410;2;;;;;;5;0;806516;https://www.sofascore.com/football/player/thibang-phete/806516
2025;Thorri Heidar Bergmann;ÍBV Vestmannaeyjar;2;0;2;0;0;0;0;0;0;0;0;0;0;0;0;0;0;0;0;;;;;;0;0;1533778;https://www.sofascore.com/football/player/thorri-heidar-bergmann/1533778
2025;Thorri Ingólfsson;Víkingur Reykjavík;2;0;17;0;0;6.55;0;0;100;0;2;0;0;0;0;0;0;6;1;;;;;;0;0;2116591;https://www.sofascore.com/football/player/thorri-ingolfsson/2116591
2025;Thorri Stefan Thorbjornsson;Fram Reykjavík;23;19;1727;0;0;6.71;8;27;75.74;1;7;0;14;89;1;15;1;718;6;;;;;;2;0;1408083;https://www.sofascore.com/football/player/thorri-stefan-thorbjornsson/1408083
2025;Thórdur Hafthórsson;UMF Afturelding;25;10;869;3;1;6.71;16;18;78.72;1;17;17.65;3;16;0;0;3;185;9;;;;;;2;0;2317472;https://www.sofascore.com/football/player/thordur-hafthorsson/2317472
2025;Tobias Thomsen;Breidablik Kópavogur;25;20;1790;10;1;7.29;6;7;68.47;2;65;15.38;3;18;0;6;2;317;25;;;;;;6;0;150140;https://www.sofascore.com/football/player/tobias-thomsen/150140
2025;Tomas Magnusson;Valur Reykjavík;10;5;434;2;0;7;0;7;83.67;0;7;28.57;6;12;0;3;0;164;7;;;;;;4;0;2029540;https://www.sofascore.com/football/player/tomas-magnusson/2029540
2025;Tómas Orri Róbertsson;FH Hafnarfjörður;24;24;1929;2;2;6.98;17;55;74.27;1;38;5.26;34;34;3;11;4;661;21;;;;;;9;1;1104797;https://www.sofascore.com/football/player/tomas-orri-robertsson/1104797
2025;Tryggvi Hrafn Haraldsson;Valur Reykjavík;25;24;1972;11;7;7.22;13;8;79.79;13;50;22;2;14;0;0;8;383;47;;;;;;5;0;841400;https://www.sofascore.com/football/player/tryggvi-hrafn-haraldsson/841400
2025;Tryggvi Snær Geirsson;Fram Reykjavík;8;0;96;0;0;6.71;4;7;89.16;0;1;0;1;1;0;1;1;74;2;;;;;;0;0;933136;https://www.sofascore.com/football/player/tryggvi-snaer-geirsson/933136
2025;Úlfur Ágúst Björnsson;FH Hafnarfjörður;13;12;1038;2;2;7.08;3;9;65.89;7;38;5.26;4;25;0;2;3;170;24;;;;;;1;0;1210914;https://www.sofascore.com/football/player/ulfur-agust-bjornsson/1210914
2025;Valdimar Logi Sævarsson;KA Akureyri;7;2;171;0;0;6.57;2;2;70.18;0;5;0;2;3;0;0;0;40;1;;;;;;1;0;1387229;https://www.sofascore.com/football/player/valdimar-logi-saevarsson/1387229
2025;Valdimar Þór Ingimundarson;Víkingur Reykjavík;25;23;1894;9;6;7.24;34;18;66.44;11;48;18.75;9;13;0;2;8;299;29;;;;;;4;0;843175;https://www.sofascore.com/football/player/valdimar-thor-ingimundarson/843175
2025;Valgeir Valgeirsson;Breidablik Kópavogur;24;23;2007;0;2;7.24;17;59;82.79;1;21;0;45;56;0;8;2;765;24;;;;;;8;0;934255;https://www.sofascore.com/football/player/valgeir-valgeirsson/934255
2025;Vicente Valor;ÍBV Vestmannaeyjar;26;25;1860;3;4;7.04;41;20;76.99;2;19;15.79;25;13;0;4;4;589;29;;;;;;2;0;1897315;https://www.sofascore.com/football/player/vicente-valor/1897315
2025;Viðar Örn Kjartansson;KA Akureyri;15;5;514;0;1;6.63;4;3;73.45;5;18;0;2;1;0;0;1;83;7;;;;;;0;0;64443;https://www.sofascore.com/football/player/viar-orn-kjartansson/64443
2025;Viggó Valgeirsson;ÍBV Vestmannaeyjar;1;0;1;0;0;0;0;0;0;0;0;0;0;0;0;0;0;0;0;;;;;;0;0;1131769;https://www.sofascore.com/football/player/viggo-valgeirsson/1131769
2025;Viktor Elmar Gautason;Breidablik Kópavogur;6;2;151;0;0;6.37;0;2;67.11;0;1;0;0;3;0;0;0;51;2;;;;;;0;0;1127844;https://www.sofascore.com/football/player/viktor-elmar-gautason/1127844
2025;Viktor Freyr Sigurðsson;Fram Reykjavík;25;25;2250;0;0;6.97;1;2;55.96;0;0;0;0;48;1;0;0;446;1;79;6;0;54;20;3;0;905951;https://www.sofascore.com/football/player/viktor-freyr-sigurdsson/905951
2025;Viktor Jonsson;ÍA Akranes;25;25;2244;10;5;7.1;8;21;60.53;23;75;13.33;5;53;0;4;9;296;27;;;;;;5;0;797233;https://www.sofascore.com/football/player/viktor-jonsson/797233
2025;Viktor Karl Einarsson;Breidablik Kópavogur;26;21;1804;2;5;6.77;4;22;81.97;3;28;7.14;7;26;0;3;2;573;25;;;;;;4;1;822170;https://www.sofascore.com/football/player/viktor-karl-einarsson/822170
2025;Viktor Orn Margeirsson;Breidablik Kópavogur;26;26;2340;1;0;6.83;2;30;85.92;0;6;16.67;11;162;1;12;0;1306;4;;;;;;2;0;796721;https://www.sofascore.com/football/player/viktor-orn-margeirsson/796721
2025;Viktor Örlygur Andrason;Víkingur Reykjavík;22;14;1182;1;5;6.84;9;12;76.79;1;15;6.67;9;20;1;1;6;397;22;;;;;;2;0;858261;https://www.sofascore.com/football/player/viktor-orlygur-andrason/858261
2025;Víðir Þorvarðarson;ÍBV Vestmannaeyjar;16;2;306;0;0;6.59;2;13;61.84;1;8;0;1;1;0;2;0;47;3;;;;;;0;0;116620;https://www.sofascore.com/football/player/vidir-thorvardarson/116620
2025;Vladimir Tufegdžić;IF Vestri;26;25;1831;3;0;6.67;4;4;70.24;7;29;10.34;3;19;0;8;2;262;10;;;;;;7;0;191604;https://www.sofascore.com/football/player/vladimir-tufegdzic/191604
2025;Vuk Oskar Dimitrijevic;Fram Reykjavík;18;16;1297;9;1;7.22;13;12;81.35;2;32;28.13;9;11;0;2;3;266;13;;;;;;1;0;863596;https://www.sofascore.com/football/player/vuk-oskar-dimitrijevic/863596
2025;William Tønning;KA Akureyri;9;8;775;0;0;6.39;0;1;67.32;0;0;0;0;18;2;0;0;171;0;20;0;0;12;15;0;0;1475093;https://www.sofascore.com/football/player/william-tonning/1475093
2025;Þorleifur Úlfarsson;Breidablik Kópavogur;3;0;63;0;1;6.6;0;0;85.71;1;3;0;0;0;0;0;0;6;1;;;;;;0;0;1025993;https://www.sofascore.com/football/player/thorleifur-ulfarsson/1025993
2025;Þorri Mar Þórisson;Stjarnan Garðabær;14;12;915;0;1;6.85;4;18;82.43;0;11;0;18;40;0;9;1;319;8;;;;;;4;1;982762;https://www.sofascore.com/football/player/thorri-mar-thorisson/982762
2025;Þórður Gunnar Hafþórsson;UMF Afturelding;4;4;200;0;1;6.58;0;0;80.43;0;0;0;3;1;0;0;1;37;3;;;;;;0;0;1005965;https://www.sofascore.com/football/player/thordur-gunnar-hafthorsson/1005965
2025;Ögmundur Kristinsson;Valur Reykjavík;2;2;180;0;0;7.45;0;0;73.13;0;0;0;0;6;0;0;0;49;0;9;0;0;2;1;0;0;64537;https://www.sofascore.com/football/player/ogmundur-kristinsson/64537
2025;Örvar Eggertsson;Stjarnan Garðabær;24;21;1904;14;3;7.28;10;27;59.51;6;52;26.92;10;53;0;11;8;169;31;;;;;;9;0;879494;https://www.sofascore.com/football/player/orvar-eggertsson/879494
2025;Örvar Logi Örvarsson;Stjarnan Garðabær;27;24;2251;0;1;6.9;12;47;81.83;1;14;0;34;120;0;16;1;910;13;;;;;;3;0;1210912;https://www.sofascore.com/football/player/orvar-logi-orvarsson/1210912
